{"seasons": ["Winter", "Spring", "Summer", "Autumn"], "data": {"2023": {"Winter": 8.232816696166992, "Spring": 14.617708206176758, "Summer": 28.561870574951172, "Autumn": 13.287109375}, "2024": {"Winter": 8.202250480651855, "Spring": 14.616487503051758, "Summer": 28.55849838256836, "Autumn": 13.294403076171875}}}